Customer,Zip Code,City,State,
BetterEarth Customer,30071,Norcross,Georgia,
BetterEarth Customer,30076,Roswell,Georgia,
BetterEarth Customer,32218,Jacksonville,Florida,
BetterEarth Customer,21206,Baltimore,Maryland,
BetterEarth Customer,92831,Fullerton,California,
BetterEarth Customer,8512,Cranbury,New Jersey,
BetterEarth Customer,23112,Midlothian,Virginia,
BetterEarth Customer,85007,Phoenix,Arizona,
BetterEarth Customer,49507,Grand Rapids,Michigan,
BetterEarth Customer,5047,South Field,Michigan,
BetterEarth Customer,21230,Baltimore,Maryland,
BetterEarth Customer,53210,Milwaukee,Wisconsin,
BetterEarth Customer,30309,Atlanta,Georgia,
BetterEarth Customer,20151,Chantilly,Virginia,
BetterEarth Customer,20151,Chantilly,Virginia,
BetterEarth Customer,90242,Downey,California,
BetterEarth Customer,54301,Green Bay,Wisconsin,
BetterEarth Customer,60007,Elk Grove Village,Illinois,
BetterEarth Customer,60714,Niles,Illinois,
BetterEarth Customer,21401,Annapolis,Maryland,
BetterEarth Customer,90201,Bell Gardens,California,
BetterEarth Customer,45050,Monroe,Ohio,
BetterEarth Customer,53037,Jackson,Wisconsin,
BetterEarth Customer,94538,Fremont,California,
BetterEarth Customer,20794,Jessup,Maryland,
BetterEarth Customer,89032,North Las Vegas,Nevada,
BetterEarth Customer,27597,Zebulon,North Carolina,
BetterEarth Customer,49544,Grand Rapids,Michigan,
BetterEarth Customer,77089,Houston,Texas,
BetterEarth Customer,60048,Libertyville,Illinois,
BetterEarth Customer,60060,Mundelein,Illinois,
BetterEarth Customer,48126,Dearborn,Michigan,
BetterEarth Customer,30144,Kennesaw,Georgia,
BetterEarth Customer,2703,Attleboro,Massachusetts,
BetterEarth Customer,20785,Hyattsville,Maryland,
BetterEarth Customer,35209,Birmingham,Alabama,
BetterEarth Customer,30122,Lithia Springs,Georgia,
BetterEarth Customer,27377,Whitsett,North Carolina,
BetterEarth Customer,70062,Kenner,Louisiana,
BetterEarth Customer,60608,Chicago,Illinois,
BetterEarth Customer,30021,Clarkston,Georgia,
BetterEarth Customer,20011,Washington,District of Columbia,
BetterEarth Customer,27214,Browns Summit,North Carolina,
BetterEarth Customer,32226,Jacksonville,Florida,
BetterEarth Customer,33805,Lakeland,Florida,
BetterEarth Customer,29301,Spartanburg,South Carolina,
BetterEarth Customer,30337,Atlanta,Georgia,
BetterEarth Customer,29526,Conway,South Carolina,
BetterEarth Customer,18612,Dallas,Pennsylvania,
BetterEarth Customer,60502,Aurora,Illinois,
BetterEarth Customer,93263,Shafter,California,
BetterEarth Customer,93263,Shafter,California,
BetterEarth Customer,55374,Rogers,Minneapolis,
BetterEarth Customer,55374,Rogers,Minneapolis,
BetterEarth Customer,60502,Aurora,Illinois,
BetterEarth Customer,18612,Dallas,Pennsylvania,
BetterEarth Customer,93263,Shafter,California,
BetterEarth Customer,93725,Fresno,California,
BetterEarth Customer,18612,Dallas,Pennsylvania,
BetterEarth Customer,21237,Rosedale,Maryland,
BetterEarth Customer,30144,Kennesaw,Georgia,
BetterEarth Customer,27502,Apex,North Carolina,
BetterEarth Customer,94124,San Francisco,California,
BetterEarth Customer,7470,Wayne,New Jersey,
BetterEarth Customer,20710,Bladensburg,Maryland,
BetterEarth Customer,5701,Rutland,Vermont,
